,id,score
0,4084,0.17460589957398237
1,4085,0.2588167745588844
2,4086,0.19835348953312157
3,4087,0.24217819557034062
4,4088,0.3289831872081515
5,4089,0.21119778042995735
6,4090,0.28575600015639263
7,4091,0.17618934007854695
8,4092,0.14132847426807468
9,4093,0.2910057604199335
10,4094,0.37809254636383405
11,4095,0.1595350271990252
12,4096,0.2885742565752036
13,4097,0.12732085770991852
14,4098,0.25614855976494116
15,4099,0.2312815895516099
16,4100,0.2830733781873783
17,4101,0.3680569628348382
18,4102,0.13872144150881985
19,4103,0.3217011905752327
20,4104,0.20004530873087314
21,4105,0.23391953308309038
22,4106,0.32400409073506986
23,4107,0.14692302565114354
24,4108,0.3553685881946524
25,4109,0.20694872107050336
26,4110,0.2927575994437968
27,4111,0.1816897516083089
28,4112,0.395194626245421
29,4113,0.2697685691984084
30,4114,0.3754972342209435
31,4115,0.1999289020027037
32,4116,0.34266178205126147
33,4117,0.26522193069510197
34,4118,0.35472618640859205
35,4119,0.31438693816357394
36,4120,0.3883216200248708
37,4121,0.11843135619746391
38,4122,0.19896457661305858
39,4123,0.43855892308257327
40,4124,0.25501630392232033
41,4125,0.39438439774044504
42,4126,0.26587022151481066
43,4127,0.2937858219435832
44,4128,0.21486912574127695
45,4129,0.15562593249940876
46,4130,0.24441352383456158
47,4131,0.19988705580433808
48,4132,0.6377681580261149
49,4133,0.4085969471281632
50,4134,0.30419441461383717
51,4135,0.15322256354746477
52,4136,0.29041607004944936
53,4137,0.3978465504341348
54,4138,0.18529592651277746
55,4139,0.18351041175110105
56,4140,0.14464244434001022
57,4141,0.42082911251765975
58,4142,0.2667707665960097
59,4143,0.28843718473744345
60,4144,0.3039969942160108
61,4145,0.2694350124015277
62,4146,0.2445237957473874
63,4147,0.23578322010580183
64,4148,0.17680617662322085
65,4149,0.11861377817226575
66,4150,0.3596872162589751
67,4151,0.3414641475605603
68,4152,0.2899623207700295
69,4153,0.17052884193705137
70,4154,0.23478625649632098
71,4155,0.47786130194083065
72,4156,0.18734106285789207
73,4157,0.2046754760958847
74,4158,0.18563797254809558
75,4159,0.4431462276538937
76,4160,0.31805519419549194
77,4161,0.1817203953767057
78,4162,0.4972528250606809
79,4163,0.20810964748209002
80,4164,0.27119733194537604
81,4165,0.22381885083605335
82,4166,0.31419163995533345
83,4167,0.27598938197050665
84,4168,0.21380810134929817
85,4169,0.38823388169901035
86,4170,0.2607549121768681
87,4171,0.2922874243464214
88,4172,0.2145695108401853
89,4173,0.3873311281046587
90,4174,0.2406805087813172
91,4175,0.2157571944045607
92,4176,0.21472970534240063
93,4177,0.27159013366797463
94,4178,0.1748003804205277
95,4179,0.5336682233749259
96,4180,0.22191737787289992
97,4181,0.40889543661036065
98,4182,0.22563837264748615
99,4183,0.2599173239488503
100,4184,0.1832124043707868
101,4185,0.2823149951830055
102,4186,0.36681750115589384
103,4187,0.36938583430149907
104,4188,0.24692602496520977
105,4189,0.5403017954451174
106,4190,0.18452937085628957
107,4191,0.12481923829250786
108,4192,0.510868505525796
109,4193,0.129980483066657
110,4194,0.3956352319184576
111,4195,0.44485014108200344
112,4196,0.3005002734684012
113,4197,0.1595552845340501
114,4198,0.31593370998527326
115,4199,0.2343236918365909
116,4200,0.3786271592513179
117,4201,0.1656655453594375
118,4202,0.32808766611788487
119,4203,0.1609756236341924
120,4204,0.19419726653937294
121,4205,0.3019462892822541
122,4206,0.29477507457296026
123,4207,0.30591302305483287
124,4208,0.3726350142494536
125,4209,0.2165559549603252
126,4210,0.12635453817308098
127,4211,0.45348245891487643
128,4212,0.5377314169409606
129,4213,0.29162825402057796
130,4214,0.39808377005598033
131,4215,0.3125144134974093
132,4216,0.31389557538426527
133,4217,0.1219173332616383
134,4218,0.607469807242299
135,4219,0.15273402417387658
136,4220,0.3487911639876936
137,4221,0.2779555711142964
138,4222,0.19735183434761272
139,4223,0.2044386782936959
140,4224,0.6390519725139432
141,4225,0.30729739716868
142,4226,0.23346872483925746
143,4227,0.21342789203843532
144,4228,0.39163090621314856
145,4229,0.19615589603860753
146,4230,0.2863983958266771
147,4231,0.23730207082325566
148,4232,0.1193790473350742
149,4233,0.5167747833854522
150,4234,0.28025558487147023
151,4235,0.23392193657039861
152,4236,0.220710157137481
153,4237,0.14223297908992139
154,4238,0.5098323464291306
155,4239,0.25845038777059137
156,4240,0.2761669638009622
157,4241,0.5063176128252429
158,4242,0.287890883228518
159,4243,0.3099799924297693
160,4244,0.3961265770599343
161,4245,0.34662481215315033
162,4246,0.3346035979165946
163,4247,0.14651313186577292
164,4248,0.18188498159824282
165,4249,0.1456044861981839
166,4250,0.3964753520713466
167,4251,0.4205001173179193
168,4252,0.12591687497056414
169,4253,0.18979729086958963
170,4254,0.3069258419694181
171,4255,0.2747282908209373
172,4256,0.39984367137741805
173,4257,0.09964712739932559
174,4258,0.4088613988848312
175,4259,0.20677900763970258
176,4260,0.29231945935702325
177,4261,0.3990658843424425
178,4262,0.16775527177932764
179,4263,0.22701298066388736
180,4264,0.5640473088861517
181,4265,0.2997284593470547
182,4266,0.29847422486514275
183,4267,0.23285655438039052
184,4268,0.37372542384438784
185,4269,0.23604952285690262
186,4270,0.21257595082773637
187,4271,0.44738745672231695
188,4272,0.15549913521417635
189,4273,0.3313321008827902
190,4274,0.2827148269298662
191,4275,0.48888902317182065
192,4276,0.1834699552251739
193,4277,0.3379401699447599
194,4278,0.5106392138988712
195,4279,0.43242965458698984
196,4280,0.15551743055927547
197,4281,0.3970535245405179
198,4282,0.3945830019522315
199,4283,0.5102876314639082
200,4284,0.3830863983524252
201,4285,0.334111291346644
202,4286,0.19269869989445038
203,4287,0.2599515437933808
204,4288,0.41603277951618456
205,4289,0.395594805580473
206,4290,0.5210883843918414
207,4291,0.2855423816058159
208,4292,0.19314914880569117
209,4293,0.3272578724949575
210,4294,0.4158149545123676
211,4295,0.20034914159015396
212,4296,0.2330415070938563
213,4297,0.23099244562107513
214,4298,0.5162369325474359
215,4299,0.2626651786194507
216,4300,0.4240044515787114
217,4301,0.39149177850095346
218,4302,0.4149739037251641
219,4303,0.20105070408663758
220,4304,0.28644108249270206
221,4305,0.18116201675295074
222,4306,0.24648633233232356
223,4307,0.20006536178135836
224,4308,0.21326323487080812
225,4309,0.12874994543462123
226,4310,0.4978183818023536
227,4311,0.23753100205665753
228,4312,0.10821568161059539
229,4313,0.30887980451777935
230,4314,0.23882102871949665
231,4315,0.3961511158137121
232,4316,0.37273266007270744
233,4317,0.18491600297784674
234,4318,0.13715534477168465
235,4319,0.16922954390146502
236,4320,0.14533897239686308
237,4321,0.1804568975448175
238,4322,0.2611300767136775
239,4323,0.6004245328562625
240,4324,0.363005388421598
241,4325,0.20230457861815745
242,4326,0.46265715373413324
243,4327,0.1565896057665363
244,4328,0.24110226623883407
245,4329,0.13093123217502506
246,4330,0.5505800433525639
247,4331,0.3465724510035113
248,4332,0.14981236553956653
249,4333,0.31282013451604146
250,4334,0.5013876977590123
251,4335,0.14353147442868455
252,4336,0.3617101765342134
253,4337,0.18328546576197283
254,4338,0.2632254047639713
255,4339,0.30001894791068573
256,4340,0.27475716403913797
257,4341,0.1403994196732787
258,4342,0.20093241491630703
259,4343,0.3884990093051423
260,4344,0.11465609987287424
261,4345,0.15016419104838244
262,4346,0.4094020059699057
263,4347,0.13955124412140466
264,4348,0.3847249577651761
265,4349,0.41739816879509395
266,4350,0.28818875751902145
267,4351,0.2716482707455306
268,4352,0.41365789323597624
269,4353,0.31127748730470234
270,4354,0.2824198940070542
271,4355,0.16149322256015888
272,4356,0.24245897787025458
273,4357,0.19713178310429044
274,4358,0.47248903952913107
275,4359,0.12935560633202467
276,4360,0.13291396872857983
277,4361,0.4953411755949266
278,4362,0.38880214815754155
279,4363,0.2540765818751714
280,4364,0.23675678470882822
281,4365,0.35387794572921105
282,4366,0.16153387523533433
283,4367,0.46341478817436077
284,4368,0.17613642316860778
285,4369,0.5344664149674779
286,4370,0.16653278691962412
287,4371,0.2190929387866767
288,4372,0.17742499528543773
289,4373,0.34273539037062306
290,4374,0.1530579504213768
291,4375,0.29429606330072666
292,4376,0.268587373491131
293,4377,0.22790315789505683
294,4378,0.3816196624792609
295,4379,0.38577678281688405
296,4380,0.12217633597045917
297,4381,0.16766515615691313
298,4382,0.23079495835400557
299,4383,0.2578923313023927
300,4384,0.2894268760551952
301,4385,0.5267592032194807
302,4386,0.548223936767661
303,4387,0.2260106864402086
304,4388,0.17490896101069514
305,4389,0.1610461958846093
306,4390,0.5295215841383207
307,4391,0.1677042157052115
308,4392,0.14321705735395884
309,4393,0.14294340519500928
310,4394,0.37434463664757245
311,4395,0.21942739977567524
312,4396,0.45437892632024474
313,4397,0.40331993959028906
314,4398,0.17979291123960245
315,4399,0.24947272816596344
316,4400,0.1601918698226464
317,4401,0.17379940055529833
318,4402,0.4888845269851919
319,4403,0.23705488800857547
320,4404,0.16718127076054856
321,4405,0.24561204232028527
322,4406,0.2882935261375487
323,4407,0.20726373619903513
324,4408,0.24660194477092096
325,4409,0.19785438228609695
326,4410,0.3262375470288254
327,4411,0.31721219223048525
328,4412,0.2577868133311861
329,4413,0.5238984197500837
330,4414,0.4781732253383655
331,4415,0.23095336742845593
332,4416,0.3723475702587782
333,4417,0.24732151728015858
334,4418,0.4979045350781039
335,4419,0.39802395661752676
336,4420,0.4367193053596335
337,4421,0.21721191363600237
338,4422,0.35007930045319613
339,4423,0.20703562091466596
340,4424,0.23050311996589895
341,4425,0.28922585158913394
342,4426,0.18450930936974247
343,4427,0.37717790077044816
344,4428,0.33344395612535954
345,4429,0.25332447483077597
346,4430,0.33734994246466826
347,4431,0.2629819166597705
348,4432,0.1568000805374977
349,4433,0.28933621999502257
350,4434,0.6292883038139793
351,4435,0.29657857859540204
352,4436,0.32465740709054797
353,4437,0.2721861945215316
354,4438,0.34967859412856184
355,4439,0.2575751016178647
356,4440,0.48017815685914217
357,4441,0.2688736487086838
358,4442,0.2508014252768502
359,4443,0.19485689700300898
360,4444,0.3028827860958671
361,4445,0.17838962045562098
362,4446,0.20447809503919506
363,4447,0.17872175013013425
364,4448,0.3052462859018551
365,4449,0.2998179621551845
366,4450,0.28209669628122475
367,4451,0.11150636615930895
368,4452,0.1767185122359707
369,4453,0.16219132972618638
370,4454,0.27911414438780374
371,4455,0.1318663150952655
372,4456,0.19430046025764197
373,4457,0.4029886877051157
374,4458,0.19798135628065971
375,4459,0.37761137645689874
376,4460,0.4311440432445527
377,4461,0.19327825550486927
378,4462,0.6423147411746535
379,4463,0.1700973859450554
380,4464,0.45604394129491416
381,4465,0.1366753541852163
382,4466,0.27940407191692673
383,4467,0.13340636704260161
384,4468,0.5079634329030891
385,4469,0.3590645654966343
386,4470,0.21738353993532086
387,4471,0.3787846764095203
388,4472,0.20472043254475591
389,4473,0.2390834781197769
390,4474,0.17393017759125426
391,4475,0.3824118846286809
392,4476,0.13036856917743642
393,4477,0.1957688752869726
394,4478,0.31661835225094215
395,4479,0.16886281195109681
396,4480,0.49703989771478746
397,4481,0.17721409248168216
398,4482,0.4592254647824926
399,4483,0.3453721682911051
400,4484,0.3354182945268242
401,4485,0.21583876845520203
402,4486,0.179158399706395
403,4487,0.19198419800361172
404,4488,0.19740878511125512
405,4489,0.18107898827730612
406,4490,0.2061809641862854
407,4491,0.14526258576885842
408,4492,0.20997597123913403
409,4493,0.18261611701176697
410,4494,0.11463888124428673
411,4495,0.5450723279446404
412,4496,0.22470224181971382
413,4497,0.329728497275351
414,4498,0.221688493606663
415,4499,0.2371258388825891
416,4500,0.23940398980249714
417,4501,0.19145007352956472
418,4502,0.16026151711536007
419,4503,0.33932093738684777
420,4504,0.3812062353062953
421,4505,0.2644138352505114
422,4506,0.3412863607720467
423,4507,0.38566388985329897
424,4508,0.4375725192476121
425,4509,0.27531101864843427
426,4510,0.19915299377136775
427,4511,0.26076060619484914
428,4512,0.2717257446323955
429,4513,0.3863545241386176
430,4514,0.21055313208425558
431,4515,0.31423961452503196
432,4516,0.3996346974807468
433,4517,0.46231111300689
434,4518,0.13403825921842313
435,4519,0.34710541475973045
436,4520,0.32807723480696144
437,4521,0.18252644762529713
438,4522,0.13490562074196033
439,4523,0.25617758122577444
440,4524,0.21648959276936797
441,4525,0.19279520482793586
442,4526,0.3761228034689869
443,4527,0.15780452917009985
444,4528,0.5135732426122042
445,4529,0.2432174885560008
446,4530,0.18481895148861083
447,4531,0.1902899104780058
448,4532,0.33747423912011243
449,4533,0.2373471362321525
450,4534,0.18163237208440416
451,4535,0.19757131043678455
452,4536,0.17229471973301552
453,4537,0.484550325655109
454,4538,0.14198125704330844
455,4539,0.38727747835827475
456,4540,0.22859379467289498
457,4541,0.2758700633319239
458,4542,0.4869651117166575
459,4543,0.20054598093203452
460,4544,0.19630019628169443
461,4545,0.28037419535273794
462,4546,0.3398182294251466
463,4547,0.24421745745498785
464,4548,0.23212279764478866
465,4549,0.15691430070825063
466,4550,0.4162072601435307
467,4551,0.2896103140788426
468,4552,0.3246092369887029
469,4553,0.2759535350611787
470,4554,0.2690512069063116
471,4555,0.22020763752709543
472,4556,0.2938248785092659
473,4557,0.1425964977968478
474,4558,0.21172361771524564
475,4559,0.13947909410306336
476,4560,0.2441844595825709
477,4561,0.24085014744907451
478,4562,0.1669377921267892
479,4563,0.6819008906632374
480,4564,0.18161997315943854
481,4565,0.42648650025776413
482,4566,0.26672392128588934
483,4567,0.4264979070103848
484,4568,0.15573227756877842
485,4569,0.48294456348344633
486,4570,0.1809270893170263
487,4571,0.19506131324661832
488,4572,0.45023111039311126
489,4573,0.3130109122421809
490,4574,0.3425354239566981
491,4575,0.2812173349992474
492,4576,0.39418543907643455
493,4577,0.2625791270527262
494,4578,0.36120456839448356
495,4579,0.15651600770021087
496,4580,0.2933348348769886
497,4581,0.23842377246108623
498,4582,0.24484141732924974
499,4583,0.4253673542270866
500,4584,0.16206712506881918
501,4585,0.6227050116906891
502,4586,0.15953913636870015
503,4587,0.24371538458926192
504,4588,0.23597993806547723
505,4589,0.30473450331576796
506,4590,0.16667572108180653
507,4591,0.20990747864502973
508,4592,0.34911533343138673
509,4593,0.24372541803797332
510,4594,0.17073995260601002
511,4595,0.24451551491995532
512,4596,0.17103768752894205
513,4597,0.3022546410747884
514,4598,0.15627947028276062
515,4599,0.14265837227377537
516,4600,0.15208819666897785
517,4601,0.22631586207102486
518,4602,0.17302893040183734
519,4603,0.16952121388511332
520,4604,0.25436672374216257
521,4605,0.44374195980099546
522,4606,0.3447029717590233
523,4607,0.2708906024384461
524,4608,0.3014960253330928
525,4609,0.2932179232857774
526,4610,0.10148877840929138
527,4611,0.25789274638573817
528,4612,0.6050768694878006
529,4613,0.5627847720150296
530,4614,0.4153168821053301
531,4615,0.17570185673601976
532,4616,0.26349225697971934
533,4617,0.18069311258113163
534,4618,0.22273923362592185
535,4619,0.17347925276672277
536,4620,0.33936417614221814
537,4621,0.5797607180636314
538,4622,0.252724907536088
539,4623,0.3119691304297612
540,4624,0.2959132448348411
541,4625,0.35949531020138886
542,4626,0.15965618076532673
543,4627,0.17327749414311377
544,4628,0.4466805153527852
545,4629,0.1813689251892624
546,4630,0.3201671516413829
547,4631,0.11686838711788944
548,4632,0.48063670733232616
549,4633,0.1790421382344453
550,4634,0.453498118450421
551,4635,0.24808903272731297
552,4636,0.5222745208553377
553,4637,0.11415960601862367
554,4638,0.1718802425555411
555,4639,0.22167716000107618
556,4640,0.5254911916936232
557,4641,0.29601925004981794
558,4642,0.2610943181651444
559,4643,0.14655577708929107
560,4644,0.301104028963822
561,4645,0.1388743947951409
562,4646,0.2118321086302913
563,4647,0.5070345882867048
564,4648,0.23865958702869214
565,4649,0.23552571158857766
566,4650,0.26679903743426486
567,4651,0.32647503965960667
568,4652,0.15169879793153437
569,4653,0.21152088725121376
570,4654,0.24725404517902846
571,4655,0.20424143008791382
572,4656,0.22252425708084497
573,4657,0.20045306990861989
574,4658,0.4157534619604149
575,4659,0.38025340388178336
576,4660,0.2560983339007772
577,4661,0.20567927250472395
578,4662,0.2196937767412957
579,4663,0.17491977224875985
580,4664,0.6266972356623974
581,4665,0.19369811149207294
582,4666,0.20217875741116415
583,4667,0.5407031951803144
584,4668,0.21192765048982695
585,4669,0.23112289533623687
586,4670,0.13579669224750424
587,4671,0.18254510047588882
588,4672,0.33254386588369467
589,4673,0.12660955209017344
590,4674,0.48684100929334884
591,4675,0.15537202942470202
592,4676,0.24721497163249767
593,4677,0.1228417051714828
594,4678,0.17131364973015437
595,4679,0.3823166333428657
596,4680,0.45697219794090327
597,4681,0.17416378691963355
598,4682,0.20072619068798245
599,4683,0.4501531691326119
600,4684,0.30989736894533243
601,4685,0.3546093974663195
602,4686,0.303617601268047
603,4687,0.3632381599822974
604,4688,0.23486662444255565
605,4689,0.2000413181903427
606,4690,0.11558660238433746
607,4691,0.2244134837215427
608,4692,0.34175925387772327
609,4693,0.6798852239564768
610,4694,0.5061185089998842
611,4695,0.2308452867784321
612,4696,0.1964619711949876
613,4697,0.3470843270997754
614,4698,0.32617921051590093
615,4699,0.11369511462030862
616,4700,0.23563695788080832
617,4701,0.19450419174317715
618,4702,0.18727517238812036
619,4703,0.34158018066132023
620,4704,0.17819244230608064
621,4705,0.16687680780556496
622,4706,0.5422317029873809
623,4707,0.478529476000424
624,4708,0.4503724891238958
625,4709,0.10103370414204507
626,4710,0.5208625276969762
627,4711,0.21990552919165166
628,4712,0.6355298326642497
629,4713,0.6452796506464017
630,4714,0.21628507033444436
631,4715,0.3370893001008857
632,4716,0.16067475925511474
633,4717,0.25231421962733397
634,4718,0.41761005784689614
635,4719,0.33273404168819815
636,4720,0.3354732093580348
637,4721,0.12055724825816524
638,4722,0.16925599823998627
639,4723,0.27487231665129097
640,4724,0.1589151353668755
641,4725,0.3158136405977233
642,4726,0.17194750290929872
643,4727,0.14714401903414992
644,4728,0.2853933765811851
645,4729,0.26237572968701317
646,4730,0.4095231162542315
647,4731,0.37668809323962305
648,4732,0.4769814678043186
649,4733,0.1453075291682169
650,4734,0.2586226298542225
651,4735,0.21778283143913185
652,4736,0.28229329490400573
653,4737,0.19202230607143525
654,4738,0.14852325333141406
655,4739,0.3542521627200195
656,4740,0.3855087419511271
657,4741,0.18138954562705734
658,4742,0.19918459795760463
659,4743,0.37184386968050104
660,4744,0.19744912831689337
661,4745,0.2937403264321991
662,4746,0.4097799800654533
663,4747,0.28025684398557393
664,4748,0.3325006601263522
665,4749,0.26023655249409455
666,4750,0.306736019673508
667,4751,0.18838445499386963
668,4752,0.5464441144089449
669,4753,0.6172177814053024
670,4754,0.30521031722748815
671,4755,0.2516649976589456
672,4756,0.38503487163571837
673,4757,0.09882540150631872
674,4758,0.34194826832989866
675,4759,0.1856428884906587
676,4760,0.2379255537311846
677,4761,0.14470236432874317
678,4762,0.4137503753725336
679,4763,0.24274157229282875
680,4764,0.2612138651475435
681,4765,0.29896164150195886
682,4766,0.28622876966266225
683,4767,0.27012918213772047
684,4768,0.32899946595096524
685,4769,0.4800866279202005
686,4770,0.19577730351057354
687,4771,0.5934128066805489
688,4772,0.2734943444412221
689,4773,0.2771085607988122
690,4774,0.3712508739783803
691,4775,0.2939467954111351
692,4776,0.40331767047118483
693,4777,0.14846556647637857
694,4778,0.19781981439283414
695,4779,0.2550526664522502
696,4780,0.2256629724921646
697,4781,0.2801054016210858
698,4782,0.1351833062652041
699,4783,0.361334803071662
700,4784,0.22437204658073848
701,4785,0.40051886381988655
702,4786,0.22401492860052596
703,4787,0.27851641220163476
704,4788,0.2295931012011743
705,4789,0.23988398798630817
706,4790,0.14294267117110965
707,4791,0.11494624134481662
708,4792,0.257401629228489
709,4793,0.32939523586993896
710,4794,0.1416747751082443
711,4795,0.37567170194702293
712,4796,0.1924345894201017
713,4797,0.14088328259700983
714,4798,0.3635793923592658
715,4799,0.15883937038521967
716,4800,0.15705479339632783
717,4801,0.22543273823230456
718,4802,0.16967909052050606
719,4803,0.21360996573659208
720,4804,0.3579599113510834
721,4805,0.31856746433888017
722,4806,0.24611883331264114
723,4807,0.2870605621172299
724,4808,0.21341561592169853
725,4809,0.1526328572625607
726,4810,0.27471538135681584
727,4811,0.510190589470128
728,4812,0.23514203922193896
729,4813,0.10909784719782245
730,4814,0.3874071955079164
731,4815,0.13351970358124432
732,4816,0.42563627314612323
733,4817,0.5914761841052887
734,4818,0.40226098939050614
735,4819,0.48611074897300643
736,4820,0.13354678689919552
737,4821,0.1785990675485046
738,4822,0.17867046435407308
739,4823,0.5196732747930327
740,4824,0.4159890252403982
741,4825,0.441836997647752
742,4826,0.5384385974308529
743,4827,0.3018080052256885
744,4828,0.22510737302332698
745,4829,0.21740863533709007
746,4830,0.2502386098838443
747,4831,0.3546874728335773
748,4832,0.34022932241110254
749,4833,0.21005706998139864
750,4834,0.4322896021869466
751,4835,0.19986871436706768
752,4836,0.5018967131852718
753,4837,0.22259518408165754
754,4838,0.524784631823438
755,4839,0.3022052601425827
756,4840,0.3588657071029987
757,4841,0.18618753368022134
758,4842,0.22745321334017857
759,4843,0.15991318059801618
760,4844,0.16010368817235243
761,4845,0.5297978332444818
762,4846,0.3431162984021452
763,4847,0.5064215779418504
764,4848,0.30697042339991654
765,4849,0.562857755967518
766,4850,0.4942821899727182
767,4851,0.6403081122860764
768,4852,0.3242547687991092
769,4853,0.1589938525737698
770,4854,0.16502242628680058
771,4855,0.47302758707206644
772,4856,0.2549762893581078
773,4857,0.2707565598308395
774,4858,0.3986121779787635
775,4859,0.16223647992562776
776,4860,0.4528518000691246
777,4861,0.6376528420644346
778,4862,0.1556475775816356
779,4863,0.4398397737373243
780,4864,0.28129114926383314
781,4865,0.2653725490526138
782,4866,0.5463902968866652
783,4867,0.2898238886655003
784,4868,0.39262713227059864
785,4869,0.2533649005203707
786,4870,0.4775828019745284
787,4871,0.13946470819874796
788,4872,0.3123263536518623
789,4873,0.20534155429336637
790,4874,0.41717771823192973
791,4875,0.16687305314957407
792,4876,0.6206197318782785
793,4877,0.32626354589315243
794,4878,0.2564274856549299
795,4879,0.464127406098428
796,4880,0.34665960310884847
797,4881,0.19559960871221468
798,4882,0.1721752663615924
799,4883,0.2801248661589921
800,4884,0.32022335161748783
801,4885,0.09230028941874631
802,4886,0.347754640724984
803,4887,0.17864949206274458
804,4888,0.1832275693063556
805,4889,0.25358252037392387
806,4890,0.4254224562530464
807,4891,0.2140804596953344
808,4892,0.29469694597229806
809,4893,0.298851139717779
810,4894,0.2220346113340136
811,4895,0.5941062155777902
812,4896,0.1343479664595523
813,4897,0.2325825926495957
814,4898,0.2747332017989643
815,4899,0.49185544900402417
816,4900,0.3240788084235887
817,4901,0.4680392464415659
818,4902,0.26345930022047837
819,4903,0.5029903465473309
820,4904,0.19062347842371535
821,4905,0.3829836408539222
822,4906,0.15641618806767363
823,4907,0.2337804408094212
824,4908,0.288958766109283
825,4909,0.2974312130907421
826,4910,0.30665942508276167
827,4911,0.27351489671196777
828,4912,0.5425643288650427
829,4913,0.37699995552119187
830,4914,0.2923273934737518
831,4915,0.3880318275295135
832,4916,0.19547682926180243
833,4917,0.107487275757189
834,4918,0.2019831662888846
835,4919,0.4536493633408528
836,4920,0.2742381805688071
837,4921,0.17835940641742484
838,4922,0.5137842648559242
839,4923,0.1156609215380399
840,4924,0.35889169117922826
841,4925,0.5078823705859715
842,4926,0.1409238585198528
843,4927,0.35390538500090596
844,4928,0.30610445344927395
845,4929,0.2720211580676366
846,4930,0.5315618357048668
847,4931,0.2542984135583307
848,4932,0.29137475023990456
849,4933,0.32121797761276
850,4934,0.1803385129836966
851,4935,0.18472417352766676
852,4936,0.6775997675510977
853,4937,0.19624630884438846
854,4938,0.12890852770405686
855,4939,0.18307242766724707
856,4940,0.37856072312822947
857,4941,0.15142000628081856
858,4942,0.272051901670208
859,4943,0.21615895893468937
860,4944,0.23191378176769256
861,4945,0.134899477422558
862,4946,0.3604532575602025
863,4947,0.3549693827501893
864,4948,0.15312586840727047
865,4949,0.18285101494011868
866,4950,0.3902869490776321
867,4951,0.2817249134919982
868,4952,0.2359947613954574
869,4953,0.17939873856284827
870,4954,0.2743106367212521
871,4955,0.3414832789594994
872,4956,0.1124038822838408
873,4957,0.2517152570094656
874,4958,0.184815601965053
875,4959,0.2525483495545424
876,4960,0.2403262456016603
877,4961,0.37291677586272975
878,4962,0.6025490938966718
879,4963,0.5303679194909989
880,4964,0.3833581144105189
881,4965,0.11552671282671911
882,4966,0.1968489265783754
883,4967,0.4496182274840567
884,4968,0.2366686516709508
885,4969,0.1927204094208352
886,4970,0.1308159603521671
887,4971,0.23134764629621818
888,4972,0.2152933425270544
889,4973,0.13287979974648179
890,4974,0.3413883961573817
891,4975,0.14013237098667483
892,4976,0.31081833579231155
893,4977,0.1590519682436795
894,4978,0.3755025007867822
895,4979,0.25728414943239486
896,4980,0.537615593560488
897,4981,0.39905344720469266
898,4982,0.1413370845533368
899,4983,0.15361690067448314
900,4984,0.20667989384033744
901,4985,0.2043683786862896
902,4986,0.34196938915271496
903,4987,0.22992152255873355
904,4988,0.38346432849059137
905,4989,0.33268481422948804
906,4990,0.10385617855079506
907,4991,0.40583091453346226
908,4992,0.3800459556422646
909,4993,0.13615662525182762
910,4994,0.22346990491617486
911,4995,0.2776194428454295
912,4996,0.35470780895537435
913,4997,0.22815698642831153
914,4998,0.5053705395410462
915,4999,0.35128823594171144
916,5000,0.2675910484611309
917,5001,0.2809343523965536
918,5002,0.29114476866964056
919,5003,0.1824637926920986
920,5004,0.49261492887637026
921,5005,0.4318741495489687
922,5006,0.48403990505872896
923,5007,0.2745198043306629
924,5008,0.24308550155053738
925,5009,0.4733209598700475
926,5010,0.17877372634369784
927,5011,0.29064578920751455
928,5012,0.1568040523097068
929,5013,0.17966432744510263
930,5014,0.3377330986661664
931,5015,0.39064750529748304
932,5016,0.1507572451090764
933,5017,0.24703966822253412
934,5018,0.2827005424915689
935,5019,0.2610719577517218
936,5020,0.2545646092444863
937,5021,0.3985784175630566
938,5022,0.30682597442237874
939,5023,0.27737648001351894
940,5024,0.248117763566351
941,5025,0.3596084270205037
942,5026,0.46396037428688763
943,5027,0.29437986299944074
944,5028,0.21163433997636916
945,5029,0.08459747048688426
946,5030,0.433279668760006
947,5031,0.18019681977505037
948,5032,0.4968808047861668
949,5033,0.18109143847632625
950,5034,0.19211230476681768
951,5035,0.38702562253376865
952,5036,0.3619416245823617
953,5037,0.33903626074548165
954,5038,0.3848887674707125
955,5039,0.12184810279462414
956,5040,0.29904775821483276
957,5041,0.2049538679098752
958,5042,0.3158114482232297
959,5043,0.1818327494687411
960,5044,0.1996237530308483
961,5045,0.4089766721992211
962,5046,0.4487442829962085
963,5047,0.6365267192418156
964,5048,0.42524869136027443
965,5049,0.1316362824302908
966,5050,0.1978894327390852
967,5051,0.18563055532372424
968,5052,0.2329964369510668
969,5053,0.22324811721011278
970,5054,0.2944761573246488
971,5055,0.11228856638355639
972,5056,0.48693105984671636
973,5057,0.22781643496346876
974,5058,0.24658269186140822
975,5059,0.2632711305212183
976,5060,0.15524175669606244
977,5061,0.22484943563959073
978,5062,0.5578314155251933
979,5063,0.20775951946530358
980,5064,0.1689502513046665
981,5065,0.505377926020362
982,5066,0.16669392799167157
983,5067,0.19629093571112902
984,5068,0.22244746436429036
985,5069,0.21621487234160863
986,5070,0.16617224973353037
987,5071,0.36275437658183146
988,5072,0.19871817024086455
989,5073,0.3485002938118996
990,5074,0.10029963370956588
991,5075,0.29474868390177905
992,5076,0.34153581010332856
993,5077,0.2586565725274543
994,5078,0.5872277403306237
995,5079,0.2880208231169157
996,5080,0.4311870105162331
997,5081,0.292101869026383
998,5082,0.19319173639677992
999,5083,0.38288683371739873
1000,5084,0.34178443432356276
1001,5085,0.270048858635068
1002,5086,0.5428934593340504
1003,5087,0.35976376330842763
1004,5088,0.30671273673209826
1005,5089,0.3960018945262038
1006,5090,0.129250221069393
1007,5091,0.3109807689483403
1008,5092,0.17950131059105395
1009,5093,0.14123533246217196
1010,5094,0.32976227529063834
1011,5095,0.46960664583768785
1012,5096,0.3126755851724573
1013,5097,0.5375746652620796
1014,5098,0.13358044397390983
1015,5099,0.252907246151154
1016,5100,0.2611811719207493
1017,5101,0.1942747011560385
1018,5102,0.3718633316405649
1019,5103,0.2276732750246536
1020,5104,0.32518534876162236
1021,5105,0.11988604335937814
